"","testData.temp.name","testData.Churn","fitted.results"
"1","0011-IGKFF",1,1
"2","0013-MHZWF",0,0
"3","0014-BMAQU",0,0
"4","0017-DINOC",0,0
"5","0019-EFAEP",0,0
"6","0020-INWCK",0,0
"7","0020-JDNXP",0,0
"8","0022-TCJCI",1,0
"9","0023-XUOPT",1,1
"10","0042-JVWOJ",0,0
"11","0042-RLHYP",0,0
"12","0048-LUMLS",0,0
"13","0052-YNYOT",0,0
"14","0056-EPFBG",0,0
"15","0060-FUALY",0,0
"16","0064-SUDOG",0,0
"17","0064-YIJGF",0,0
"18","0067-DKWBL",1,1
"19","0071-NDAFP",0,0
"20","0074-HDKDG",0,0
"21","0076-LVEPS",0,0
"22","0078-XZMHT",0,0
"23","0080-EMYVY",0,0
"24","0080-OROZO",0,0
"25","0089-IIQKO",0,0
"26","0093-EXYQL",0,0
"27","0093-XWZFY",1,0
"28","0094-OIFMO",1,1
"29","0096-FCPUF",0,0
"30","0098-BOWSO",0,0
"31","0100-DUVFC",0,0
"32","0112-QAWRZ",0,1
"33","0114-IGABW",0,0
"34","0117-LFRMW",1,0
"35","0118-JPNOY",0,0
"36","0121-SNYRK",0,0
"37","0125-LZQXK",1,1
"38","0129-QMPDR",0,0
"39","0137-OCGAB",1,1
"40","0141-YEAYS",0,1
"41","0142-GVYSN",0,0
"42","0156-FVPTA",1,0
"43","0164-APGRB",0,0
"44","0178-CIIKR",0,0
"45","0191-EQUUH",0,0
"46","0193-ESZXP",1,0
"47","0196-JTUQI",0,1
"48","0197-PNKNK",0,0
"49","0203-HHYIJ",1,0
"50","0206-OYVOC",0,0
"51","0219-YTZUE",1,1
"52","0228-MAUWC",0,0
"53","0229-LFJAF",0,0
"54","0233-FTHAV",0,0
"55","0234-TEVTT",0,0
"56","0236-HFWSV",1,1
"57","0237-YFUTL",0,0
"58","0244-LGNFY",0,0
"59","0247-SLUJI",0,0
"60","0248-PGHBZ",0,0
"61","0257-ZESQC",1,0
"62","0269-XFESX",0,0
"63","0277-BKSQP",0,0
"64","0278-YXOOG",1,0
"65","0281-CNTZX",0,0
"66","0282-NVSJS",0,0
"67","0292-WEGCH",0,0
"68","0295-QVKPB",0,0
"69","0302-JOIVN",1,1
"70","0305-SQECB",0,0
"71","0314-TKOSI",0,0
"72","0315-LVCRK",0,1
"73","0318-QUUOB",1,1
"74","0322-CHQRU",1,1
"75","0324-BRPCJ",1,0
"76","0334-GDDSO",1,1
"77","0336-PIKEI",0,0
"78","0343-QLUZP",0,0
"79","0345-HKJVM",1,1
"80","0345-XMMUG",0,0
"81","0347-UBKUZ",0,0
"82","0361-HJRDX",0,0
"83","0362-RAOQO",0,0
"84","0362-ZBZWJ",1,1
"85","0365-BZUWY",0,1
"86","0365-GXEZS",0,0
"87","0369-ZGOVK",0,0
"88","0373-AIVNJ",0,0
"89","0376-YMCJC",1,0
"90","0377-JBKKT",0,0
"91","0378-TOVMS",1,1
"92","0378-XSZPU",1,0
"93","0379-DJQHR",0,0
"94","0384-LPITE",0,0
"95","0384-RVBPI",0,0
"96","0396-YCHWO",0,0
"97","0397-ZXWQF",0,0
"98","0401-WDBXM",0,0
"99","0402-OAMEN",0,0
"100","0404-SWRVG",1,1
"101","0407-BDJKB",1,0
"102","0410-IPFTY",0,0
"103","0411-EZJZE",0,0
"104","0412-UCCNP",0,0
"105","0415-MOSGF",1,0
"106","0419-YAAPX",0,0
"107","0426-TIRNE",1,0
"108","0428-AXXLJ",0,0
"109","0431-APWVY",1,0
"110","0434-CSFON",0,1
"111","0439-IFYUN",0,0
"112","0440-MOGPM",0,0
"113","0440-QEXBZ",0,0
"114","0440-UEDAI",0,0
"115","0442-ZXKVS",0,0
"116","0454-OKRCT",0,0
"117","0459-SPZHJ",0,0
"118","0463-TXOAK",0,0
"119","0463-WZZKO",0,0
"120","0468-YRPXN",0,0
"121","0471-ARVMX",0,0
"122","0479-HMSWA",0,0
"123","0480-KYJVA",0,0
"124","0486-HECZI",1,0
"125","0487-CRLZF",0,0
"126","0489-WMEMG",0,0
"127","0491-KAPQG",0,1
"128","0508-SQWPL",0,0
"129","0512-FLFDW",0,0
"130","0516-UXRMT",0,0
"131","0519-DRGTI",0,0
"132","0526-SXDJP",0,0
"133","0533-UCAAU",0,0
"134","0536-ACXIP",0,0
"135","0536-BGFMZ",0,0
"136","0547-HURJB",0,0
"137","0556-FJEGU",0,0
"138","0559-CKHUS",0,0
"139","0582-AVCLN",0,0
"140","0595-ITUDF",0,0
"141","0613-WUXUM",0,0
"142","0618-XWMSS",1,0
"143","0619-OLYUR",0,0
"144","0620-XEFWH",0,0
"145","0621-HJWXJ",0,0
"146","0623-EJQEG",0,0
"147","0634-SZPQA",1,0
"148","0637-YLETY",1,1
"149","0643-OKLRP",1,0
"150","0657-DOGUM",0,0
"151","0661-KBKPA",0,0
"152","0661-KQHNK",0,0
"153","0661-WCQNQ",0,0
"154","0666-UXTJO",0,1
"155","0667-NSRGI",0,0
"156","0670-ANMUU",0,0
"157","0673-IGUQO",0,0
"158","0674-DGMAQ",0,1
"159","0674-EYYZV",0,1
"160","0685-MLYYM",1,1
"161","0689-NKYLF",1,1
"162","0691-NIKRI",0,0
"163","0701-TJSEF",0,0
"164","0722-SVSFK",0,1
"165","0723-VSOBE",0,0
"166","0727-BNRLG",0,0
"167","0727-IWKVK",1,1
"168","0730-KOAVE",0,0
"169","0742-LAFQK",0,0
"170","0742-MOABM",1,0
"171","0750-EBAIU",0,0
"172","0754-UKWQP",1,1
"173","0771-CHWSK",0,0
"174","0772-GYEQQ",1,1
"175","0774-IFUVM",0,0
"176","0778-NELLA",1,0
"177","0781-LKXBR",1,1
"178","0788-DXBFY",0,0
"179","0793-TWELN",0,1
"180","0799-DDIHE",0,0
"181","0813-TAXXS",0,0
"182","0815-MFZGM",0,0
"183","0818-OCPZO",1,0
"184","0822-GAVAP",1,1
"185","0823-HSCDJ",1,0
"186","0824-VWDPO",0,0
"187","0827-ITJPH",0,0
"188","0835-JKADZ",0,0
"189","0842-IWYCP",0,0
"190","0843-WTBXE",1,0
"191","0847-HGRML",0,0
"192","0848-ZGQIJ",0,1
"193","0856-NAOES",0,0
"194","0859-YGKFW",0,0
"195","0867-LDTTC",0,0
"196","0868-VJRDR",0,0
"197","0870-VEMYL",1,0
"198","0871-OPBXW",0,0
"199","0871-URUWO",1,1
"200","0872-JCPIB",0,0
"201","0883-EIBTI",1,0
"202","0895-LNKRC",0,0
"203","0902-RFHOF",0,0
"204","0909-SDHNU",0,0
"205","0916-KNFAJ",0,0
"206","0916-QOFDP",0,1
"207","0927-CNGRH",0,0
"208","0929-HYQEW",0,0
"209","0939-YAPAF",1,1
"210","0942-KOWSM",0,0
"211","0947-MUGVO",1,0
"212","0958-YHXGP",0,1
"213","0962-CQPWQ",0,0
"214","0963-ZBDRN",1,0
"215","0967-BMLBD",0,0
"216","0970-ETWGE",1,1
"217","0970-QXPXW",0,0
"218","0971-QIFJK",0,0
"219","0980-FEXWF",0,0
"220","1010-DIAUQ",1,1
"221","1015-JPFYW",0,0
"222","1015-OWJKI",0,0
"223","1024-GUALD",1,1
"224","1024-VRZHF",1,1
"225","1027-LKKQQ",0,0
"226","1032-MAELW",0,0
"227","1035-IPQPU",0,0
"228","1041-RXHRA",1,0
"229","1047-NNCBF",0,0
"230","1051-EQPZR",0,0
"231","1077-HUUJM",0,1
"232","1084-MNSMJ",0,0
"233","1085-LDWAM",0,0
"234","1088-AUUZZ",0,0
"235","1089-XZWHH",0,0
"236","1090-PYKCI",0,0
"237","1093-YSWCA",0,0
"238","1097-FSPVW",0,0
"239","1098-KFQEC",0,0
"240","1099-GODLO",0,0
"241","1104-FEJAM",0,0
"242","1104-TNLZA",0,1
"243","1112-CUNAO",1,1
"244","1114-CENIM",1,0
"245","1116-FRYVH",0,0
"246","1121-QSIVB",0,0
"247","1122-YJBCS",0,0
"248","1125-SNVCK",0,0
"249","1131-ALZWV",0,0
"250","1131-QQZEB",0,0
"251","1131-SUEKT",0,0
"252","1133-KXCGE",0,0
"253","1134-YWTYF",0,0
"254","1150-WFARN",1,0
"255","1167-OYZJF",0,0
"256","1172-VIYBP",0,0
"257","1174-FGIFN",0,0
"258","1178-PZGAB",0,0
"259","1183-CANVH",0,0
"260","1194-BHJYC",0,0
"261","1215-FIGMP",0,0
"262","1216-BGTSP",0,0
"263","1216-JWVUX",0,0
"264","1217-VASWC",0,0
"265","1228-FZFRV",1,0
"266","1228-ZLNBX",0,0
"267","1236-WFCDV",1,0
"268","1251-KRREG",1,0
"269","1251-STYSZ",0,1
"270","1257-SXUXQ",0,0
"271","1264-BYWMS",1,0
"272","1265-HVPZB",0,0
"273","1268-ASBGA",1,1
"274","1269-FOYWN",0,0
"275","1273-MTETI",1,1
"276","1282-IHQAC",0,0
"277","1291-CUOCY",0,0
"278","1293-BSEUN",0,0
"279","1301-LOPVR",0,0
"280","1304-BCCFO",0,0
"281","1304-SEGFY",0,0
"282","1306-RPWXZ",0,0
"283","1322-AGOQM",1,0
"284","1323-OOEPC",1,0
"285","1324-NLTJE",1,0
"286","1328-EUZHC",0,0
"287","1337-BOZWO",0,0
"288","1342-JPNKI",1,1
"289","1343-EHPYB",1,0
"290","1347-KTTTA",0,0
"291","1353-GHZOS",0,0
"292","1354-YZFNB",0,0
"293","1356-MKYSK",0,0
"294","1360-JYXKQ",0,0
"295","1360-RCYRT",0,0
"296","1360-XFJMR",0,0
"297","1370-GGAWX",0,0
"298","1371-DWPAZ",0,0
"299","1379-FRVEB",0,1
"300","1383-EZRWL",1,0
"301","1384-RCUXW",0,1
"302","1385-TQOZW",0,0
"303","1389-CXMLU",1,1
"304","1393-IMKZG",0,1
"305","1396-QWFBJ",1,0
"306","1406-PUQVY",0,1
"307","1409-PHXTF",0,0
"308","1414-YADCW",0,0
"309","1421-HCERK",0,0
"310","1428-GTBJJ",1,0
"311","1442-BQPVU",0,0
"312","1442-OKRJE",0,0
"313","1444-VVSGW",1,0
"314","1447-PJGGA",1,0
"315","1452-XRSJV",0,0
"316","1465-LNTLJ",0,0
"317","1469-LBJQJ",0,0
"318","1470-PSXNM",0,0
"319","1472-TNCWL",0,0
"320","1481-ZUWZA",1,0
"321","1482-OXZSY",0,0
"322","1488-SYSFC",0,0
"323","1492-QGCLU",0,0
"324","1493-AMTIE",1,0
"325","1496-GGSUK",1,1
"326","1498-DQNRX",0,0
"327","1501-SGHBW",1,0
"328","1508-DFXCU",0,1
"329","1522-VVDMG",1,1
"330","1525-LNLOJ",0,0
"331","1535-VTJOQ",0,0
"332","1541-ETJZO",1,0
"333","1545-JFUML",0,0
"334","1548-FEHVL",0,0
"335","1550-LOAHA",1,0
"336","1552-AAGRX",0,0
"337","1555-DJEQW",1,0
"338","1564-HJUVY",0,0
"339","1568-BEKZM",0,0
"340","1568-LJSZU",0,0
"341","1576-PFZIW",0,0
"342","1577-HKTFG",1,0
"343","1579-KLYDT",1,1
"344","1580-BMCMR",0,0
"345","1597-FZREH",1,0
"346","1602-IJQQE",1,1
"347","1612-EOHDH",1,1
"348","1621-YNCJH",0,0
"349","1622-HSHSF",0,0
"350","1623-NLDOT",1,0
"351","1624-WOIWJ",1,0
"352","1625-JAIIY",1,0
"353","1626-ERCMM",1,1
"354","1628-BIZYP",0,1
"355","1635-NZATJ",0,0
"356","1636-NTNCO",0,1
"357","1644-IRKSF",1,0
"358","1658-BYGOY",1,1
"359","1660-HSOOQ",1,1
"360","1661-CZBAU",0,0
"361","1663-MHLHE",0,0
"362","1682-VCOIO",0,0
"363","1684-FLBGS",0,0
"364","1689-MRZQR",1,0
"365","1697-NVVGY",0,0
"366","1699-TLDLZ",0,0
"367","1702-CCFNJ",0,0
"368","1703-MGIAB",0,0
"369","1705-GUHPV",0,0
"370","1710-RCXUS",0,0
"371","1722-LDZJS",0,0
"372","1724-IQWNM",0,0
"373","1725-MIMXW",1,0
"374","1729-VLAZJ",0,0
"375","1735-XMJVH",0,0
"376","1741-WTPON",0,0
"377","1746-TGTWV",0,1
"378","1752-OZXFY",0,0
"379","1755-RMCXH",0,0
"380","1761-AEZZR",1,1
"381","1767-CJKBA",0,0
"382","1777-JYQPJ",0,1
"383","1784-BXEFA",0,0
"384","1785-BPHTP",0,0
"385","1794-HBQTJ",1,0
"386","1810-BOHSY",0,0
"387","1813-JLKWR",0,0
"388","1813-JYWTO",0,0
"389","1816-FLZDK",0,1
"390","1830-IPXVJ",0,0
"391","1832-PEUTS",0,0
"392","1834-ABKHQ",0,0
"393","1834-WULEG",0,0
"394","1837-YQUCE",0,0
"395","1839-FBNFR",0,0
"396","1845-CSBRZ",0,0
"397","1845-ZLLIG",0,0
"398","1853-UDXBW",1,1
"399","1855-AGAWH",0,0
"400","1862-QRWPE",0,0
"401","1867-BDVFH",1,1
"402","1867-TJHTS",0,0
"403","1899-VXWXM",1,0
"404","1910-FMXJM",0,0
"405","1929-ZCBHE",0,0
"406","1930-WNXSB",0,0
"407","1934-MKPXS",0,0
"408","1950-KSVVJ",0,0
"409","1963-SVUCV",1,1
"410","1964-SVLEA",0,0
"411","1972-XMUWV",0,0
"412","1987-AUELQ",0,0
"413","1998-VHJHK",0,0
"414","2004-OCQXK",1,1
"415","2018-QKYGT",0,1
"416","2027-FECZV",1,1
"417","2034-CGRHZ",1,1
"418","2034-GDRCN",1,1
"419","2037-SGXHH",1,0
"420","2040-LDIWQ",0,0
"421","2045-BMBTJ",0,0
"422","2061-VVFST",0,0
"423","2068-WWXQZ",0,0
"424","2070-XYMFH",0,0
"425","2074-GKOWZ",1,1
"426","2074-GUHPQ",0,1
"427","2075-PUEPR",0,0
"428","2077-DDHJK",0,0
"429","2080-CAZNM",0,1
"430","2085-JVGAD",0,0
"431","2091-MJTFX",1,0
"432","2096-XOTMO",0,0
"433","2108-GLPQB",0,0
"434","2108-YKQTY",1,0
"435","2111-DWYHN",0,0
"436","2114-MGINA",1,1
"437","2121-JAFOM",0,0
"438","2122-SZZZD",0,0
"439","2123-AGEEN",0,1
"440","2126-GSEGL",0,0
"441","2135-DQWAQ",0,1
"442","2135-RXIHG",1,1
"443","2137-DQMEV",0,0
"444","2143-LJULT",0,0
"445","2146-EGVDT",0,0
"446","2150-WLKUW",0,0
"447","2154-KVJFF",1,1
"448","2155-AMQRX",0,0
"449","2157-MXBJS",1,0
"450","2167-FQSTQ",0,0
"451","2169-RRLFW",0,0
"452","2176-LVPNX",0,0
"453","2178-PMGCJ",0,0
"454","2188-SXWVT",0,0
"455","2192-OZITF",0,0
"456","2203-GHNWN",0,0
"457","2205-LPVGL",0,0
"458","2207-NHRJK",1,0
"459","2207-OBZNX",1,0
"460","2207-QPJED",0,0
"461","2209-XADXF",0,1
"462","2223-GDSHL",0,0
"463","2227-JRSJX",0,0
"464","2229-DPMBI",0,0
"465","2232-DMLXU",1,0
"466","2235-DWLJU",0,1
"467","2239-CFOUJ",0,0
"468","2240-HSJQD",0,0
"469","2243-FNMMI",0,0
"470","2245-ADZFJ",0,0
"471","2252-ISRNH",0,1
"472","2254-DLXRI",0,1
"473","2259-OUUSZ",0,0
"474","2265-CYWIV",1,1
"475","2270-CHBFN",0,0
"476","2272-QAGFO",1,1
"477","2272-UOINI",0,0
"478","2272-WUSPA",0,0
"479","2277-BKJKN",0,0
"480","2293-IJWPS",0,0
"481","2294-DMMUS",0,0
"482","2300-RQGOI",0,0
"483","2302-ANTDP",1,0
"484","2302-OUZXB",0,0
"485","2305-MRGLV",0,0
"486","2309-OSFEU",1,0
"487","2316-ESMLS",0,0
"488","2320-TZRRH",0,0
"489","2322-VCZHZ",0,0
"490","2325-WINES",0,0
"491","2325-ZUSFD",1,0
"492","2330-PQGDQ",0,0
"493","2333-KWEWW",0,0
"494","2338-BQEZT",0,0
"495","2344-JMOGN",1,1
"496","2346-DJQTB",0,0
"497","2347-WKKAE",0,0
"498","2348-KCJLT",0,0
"499","2362-IBOOY",1,1
"500","2363-BJLSL",0,0
"501","2364-UFROM",0,0
"502","2369-UAPKZ",1,1
"503","2371-JQHZZ",0,1
"504","2378-YIZKA",0,0
"505","2391-SOORI",1,0
"506","2393-DIVAI",0,0
"507","2400-XIWIO",0,0
"508","2403-BCASL",1,0
"509","2408-TZMJL",1,0
"510","2408-WITXK",1,0
"511","2428-ZMCTB",0,0
"512","2432-TFSMK",0,0
"513","2434-EEVDB",0,0
"514","2436-QBZFP",0,0
"515","2439-QKJUL",0,0
"516","2458-EOMRE",0,0
"517","2460-FPSYH",1,0
"518","2462-XIIJB",1,1
"519","2474-BRUCM",1,0
"520","2475-MROZF",0,0
"521","2506-TNFCO",1,1
"522","2511-MORQY",0,0
"523","2533-QVMSK",1,0
"524","2542-HYGIQ",0,0
"525","2546-KZAAT",0,0
"526","2558-BUOZZ",0,0
"527","2560-PPCHE",0,0
"528","2568-OIADY",1,1
"529","2569-WGERO",0,0
"530","2573-GYRUU",0,0
"531","2577-GVSIL",0,0
"532","2580-ASVVY",0,0
"533","2581-VKIRT",0,0
"534","2582-FFFZR",0,0
"535","2603-HVKCG",0,1
"536","2607-FBDFF",0,0
"537","2619-WFQWU",1,1
"538","2621-UDNLU",0,0
"539","2632-IVXVF",0,0
"540","2632-TACXW",0,0
"541","2639-UGMAZ",0,0
"542","2640-LYMOV",0,0
"543","2642-DTVCO",1,1
"544","2642-MAWLJ",0,0
"545","2645-QTLMB",1,1
"546","2650-GYRYL",0,0
"547","2656-TABEH",1,1
"548","2659-VXMWZ",1,0
"549","2660-EMUBI",1,1
"550","2664-XJZNO",0,0
"551","2665-NPTGL",0,1
"552","2672-TGEFF",0,0
"553","2673-CXQEU",0,0
"554","2674-MIAHT",0,1
"555","2674-MLXMN",0,0
"556","2675-DHUTR",0,0
"557","2676-ISHSF",0,0
"558","2680-XKKNJ",0,0
"559","2682-KEVRP",0,0
"560","2690-DVRVK",0,0
"561","2703-AMTUL",0,0
"562","2725-KXXWT",1,1
"563","2725-TTRIQ",0,0
"564","2729-VNVAP",0,0
"565","2737-YNGYW",1,1
"566","2739-CACDQ",0,1
"567","2740-TVLFN",0,1
"568","2749-CTKAJ",0,0
"569","2753-JMMCV",0,0
"570","2773-OVBPK",0,0
"571","2775-SEFEE",0,0
"572","2782-JEEBU",0,0
"573","2791-SFVEW",0,0
"574","2796-UUZZO",0,0
"575","2799-TSLAG",0,0
"576","2801-NISEI",0,0
"577","2805-AUFQN",0,0
"578","2806-MLNTI",0,0
"579","2810-FTLEM",1,0
"580","2826-DXLQO",0,0
"581","2826-UWHIS",0,0
"582","2832-KJCRD",0,0
"583","2834-SPCJV",1,0
"584","2839-RFSQE",1,0
"585","2840-XANRC",1,1
"586","2842-JTCCU",1,0
"587","2845-AFFTX",1,1
"588","2851-STERV",0,0
"589","2856-HYAPG",1,1
"590","2858-MOFSQ",1,0
"591","2862-PFNIK",0,1
"592","2865-TCHJW",1,1
"593","2866-IKBTM",0,0
"594","2869-ADAWR",1,0
"595","2876-VBBBL",1,0
"596","2878-DHMIN",0,0
"597","2886-KEFUM",1,0
"598","2887-JPYLU",0,0
"599","2896-TBNBE",0,0
"600","2897-DOVND",0,1
"601","2900-PHPLN",0,0
"602","2904-GGUAZ",0,0
"603","2908-WGAXL",0,0
"604","2920-RNCEZ",0,1
"605","2924-KHUVI",0,0
"606","2928-HLDBA",0,0
"607","2931-VUVJN",0,0
"608","2951-QOQTK",1,1
"609","2955-BJZHG",1,0
"610","2955-PSXOE",1,0
"611","2956-GGUCQ",1,0
"612","2959-MJHIC",1,1
"613","2960-NKRSO",0,0
"614","2969-VAPYH",0,0
"615","2969-WGHQO",0,0
"616","2971-SGAFL",0,0
"617","2972-YDYUW",0,0
"618","2984-MIIZL",1,1
"619","2985-JUUBZ",0,0
"620","2988-QRAJY",0,0
"621","2995-YWTCD",0,0
"622","3002-WQZWT",0,0
"623","3005-NFMTA",1,0
"624","3007-FDPEA",0,0
"625","3022-BEXHZ",0,0
"626","3027-ZTDHO",1,1
"627","3030-ZKIWL",0,0
"628","3039-MJSLN",0,0
"629","3043-SUDUA",0,0
"630","3045-XETSH",1,1
"631","3049-NDXFL",1,1
"632","3050-RLLXC",0,0
"633","3058-WQDRE",0,0
"634","3063-QFSZL",1,1
"635","3066-RRJIO",1,1
"636","3070-FNFZQ",0,0
"637","3082-VQXNH",0,0
"638","3090-LETTY",0,0
"639","3094-JOJAI",0,0
"640","3096-WPXBT",0,0
"641","3097-IDVPU",0,0
"642","3104-OWCGK",1,0
"643","3115-JPJDD",0,0
"644","3125-RAHBV",0,0
"645","3128-YOVTD",0,0
"646","3129-AAQOU",0,0
"647","3132-TVFDZ",1,0
"648","3133-PZNSR",0,0
"649","3138-BKYAV",1,1
"650","3146-JTQHR",0,0
"651","3146-MSEGF",0,0
"652","3164-YAXFY",0,0
"653","3165-HDOEW",1,1
"654","3166-PNEOF",0,0
"655","3170-GWYKC",0,0
"656","3173-WSSUE",0,0
"657","3174-RKMOW",0,0
"658","3178-CIFOT",0,0
"659","3178-FESZO",1,1
"660","3181-MIZBN",0,0
"661","3186-BAXNB",1,1
"662","3192-NQECA",1,0
"663","3194-ORPIK",1,0
"664","3197-ARFOY",0,0
"665","3198-VELRD",1,1
"666","3199-XGZCY",0,1
"667","3221-CJMSG",0,0
"668","3223-WZWJM",1,1
"669","3230-IUALN",0,0
"670","3230-WYKIR",1,0
"671","3234-VKACU",0,0
"672","3244-DCJWY",1,1
"673","3255-GRXMG",0,0
"674","3258-SANFR",0,0
"675","3259-KNMRR",0,0
"676","3262-EIDHV",0,0
"677","3284-SVCRO",0,0
"678","3285-UCQVC",1,0
"679","3292-PBZEJ",0,1
"680","3295-YVUSR",0,1
"681","3301-VKTGC",0,0
"682","3313-QKNKB",1,0
"683","3316-UWXUY",0,0
"684","3318-ISQFQ",0,0
"685","3331-HQDTW",1,0
"686","3345-JHUEO",0,0
"687","3346-BRMIS",1,0
"688","3347-YJZZE",0,0
"689","3351-NQLDI",1,0
"690","3352-ALMCK",0,0
"691","3354-OADJP",0,0
"692","3359-DSRKA",0,0
"693","3363-DTIVD",0,0
"694","3372-CDXFJ",0,0
"695","3373-DIUUN",0,0
"696","3384-CTMSF",0,1
"697","3398-FSHON",1,1
"698","3398-ZOUAA",1,0
"699","3407-JMJQQ",0,0
"700","3410-MHHUM",0,0
"701","3410-YOQBQ",0,0
"702","3413-BMNZE",0,1
"703","3413-CSSTH",0,0
"704","3422-GALYP",0,1
"705","3422-LYEPQ",1,1
"706","3428-XZMAZ",1,1
"707","3429-IFLEM",0,0
"708","3439-GVUSX",0,1
"709","3451-VAWLI",0,0
"710","3452-FLHYD",0,0
"711","3453-RTHJQ",0,1
"712","3454-JFUBC",0,0
"713","3466-WAESX",0,0
"714","3468-DRVQJ",0,0
"715","3481-JHUZH",0,0
"716","3482-ABPKK",0,0
"717","3486-HOOGQ",0,0
"718","3486-NPGST",0,0
"719","3488-PGMQJ",1,1
"720","3494-JCHRQ",1,1
"721","3503-TYDAY",0,0
"722","3507-GASNP",0,0
"723","3508-CFVZL",0,0
"724","3508-VLHCZ",0,0
"725","3511-APPBJ",0,0
"726","3512-IZIKN",1,0
"727","3519-ZKXGG",1,1
"728","3520-FJGCV",0,0
"729","3521-HTQTV",0,0
"730","3537-HPKQT",0,0
"731","3538-WZPHD",1,1
"732","3540-RZJYU",1,0
"733","3545-CNWRG",0,1
"734","3547-LQRIK",0,0
"735","3565-UNOCC",1,1
"736","3569-EDBPQ",0,0
"737","3569-JFODW",0,0
"738","3580-REOAC",1,0
"739","3583-KRKMD",0,0
"740","3585-YNADK",0,0
"741","3597-YASZG",0,0
"742","3604-WLABM",0,0
"743","3606-SBKRY",0,0
"744","3612-YUNGG",0,0
"745","3617-XLSGQ",0,0
"746","3620-MWJNE",0,0
"747","3621-CHYVB",0,0
"748","3629-WEAAM",0,0
"749","3638-DIMPH",0,0
"750","3640-JQGJG",0,0
"751","3640-PHQXK",1,1
"752","3642-BYHDO",0,0
"753","3644-QXEHN",0,1
"754","3654-ARMGP",0,0
"755","3656-TKRVZ",1,0
"756","3658-KIBGF",1,0
"757","3662-FXJFO",0,0
"758","3665-JATSN",0,0
"759","3671-SHRSP",1,1
"760","3682-YEUWS",0,0
"761","3685-YLCMQ",1,0
"762","3689-MOZGR",0,0
"763","3694-DELSO",0,0
"764","3705-PSNGL",1,0
"765","3707-GNWHM",1,1
"766","3716-BDVDB",1,1
"767","3727-OVPRY",0,0
"768","3727-RJMEO",1,1
"769","3729-OWRVL",0,0
"770","3737-GCSPV",1,1
"771","3740-RLMVT",0,0
"772","3750-CKVKH",1,1
"773","3750-RNQKR",0,0
"774","3752-CQSJI",0,0
"775","3761-FLYZI",0,0
"776","3764-MNMOI",0,0
"777","3765-JXVKY",1,1
"778","3769-MHZNV",0,0
"779","3774-VBNXY",0,0
"780","3777-XROBG",0,0
"781","3780-YVMFA",0,0
"782","3791-LGQCY",1,0
"783","3798-EPWRR",0,1
"784","3800-LYTRK",0,0
"785","3801-HMYNL",1,1
"786","3803-KMQFW",1,0
"787","3806-DXQOM",1,0
"788","3808-HFKDE",0,0
"789","3814-MLAXC",1,0
"790","3838-OZURD",1,0
"791","3841-NFECX",0,0
"792","3842-IYKUE",1,0
"793","3845-FXCYS",0,0
"794","3855-ONCAR",0,1
"795","3858-VOBET",1,0
"796","3863-IUBJR",1,0
"797","3863-QSTYI",0,0
"798","3865-YIOTT",0,0
"799","3866-MDTUB",1,0
"800","3870-SPZSI",0,0
"801","3871-IKPYH",1,1
"802","3873-NFTGI",0,0
"803","3873-WOSBC",0,0
"804","3887-PBQAO",0,0
"805","3891-NLXJB",0,0
"806","3896-RCYYE",0,0
"807","3902-FOIGH",1,1
"808","3911-RSNHI",0,0
"809","3913-FCUUW",0,0
"810","3915-ODIYG",0,0
"811","3923-CSIHK",1,0
"812","3930-ZGWVE",0,0
"813","3932-IJWDZ",0,0
"814","3938-YFPXD",0,0
"815","3941-XTSKM",0,0
"816","3943-KDREE",1,0
"817","3946-MHCZW",1,0
"818","3948-KXDUF",0,0
"819","3948-XHGNA",1,0
"820","3956-CJUST",0,0
"821","3957-LXOLK",1,1
"822","3957-SQXML",0,0
"823","3961-SXAXY",0,1
"824","3967-VQOGC",0,0
"825","3970-XGJDU",0,0
"826","3976-BWUCK",1,0
"827","3976-HXHCE",0,0
"828","3976-NLDEZ",0,0
"829","3982-JGSFD",0,0
"830","3987-KQDDU",0,0
"831","3990-QYKBE",1,0
"832","3999-WRNGR",0,0
"833","4011-ARPHK",0,0
"834","4012-ZTHBR",0,0
"835","4013-UBXWQ",1,0
"836","4054-CUMIA",0,0
"837","4063-EIKNQ",0,0
"838","4065-JJAVA",0,0
"839","4077-HWUYD",0,0
"840","4079-VTGLK",0,0
"841","4086-ATNFV",0,0
"842","4088-YLDSU",1,0
"843","4092-OFQZS",0,0
"844","4094-NSEDU",1,1
"845","4098-NAUKP",0,0
"846","4102-OQUPX",1,1
"847","4104-PVRPS",0,0
"848","4106-HADHQ",1,0
"849","4123-FCVCB",0,0
"850","4143-OOBWZ",1,1
"851","4163-HFTUK",0,0
"852","4163-NCJAK",0,0
"853","4176-FXYBO",0,0
"854","4177-JPDFU",0,0
"855","4182-BGSIQ",0,0
"856","4183-WCSEP",1,0
"857","4184-VODJZ",0,0
"858","4188-FRABG",0,0
"859","4192-GORJT",1,1
"860","4194-WHFCB",0,0
"861","4195-PNGZS",0,0
"862","4220-TINQT",0,0
"863","4232-JGKIY",0,0
"864","4236-XPXAV",1,1
"865","4237-RLAQD",1,1
"866","4238-HFHSN",0,0
"867","4248-HCETZ",1,0
"868","4250-ZBWLV",1,0
"869","4254-QPEDE",0,0
"870","4255-DDUOU",1,0
"871","4256-ZWTZI",0,0
"872","4274-DRSQT",0,0
"873","4277-PVRAN",1,1
"874","4282-ACRXS",0,0
"875","4285-GYRQC",1,1
"876","4291-YZODP",0,0
"877","4293-ETKAP",0,0
"878","4299-OPXEJ",0,0
"879","4304-TSPVK",0,0
"880","4307-KTUMW",1,0
"881","4312-KFRXN",0,0
"882","4316-XCSLJ",0,0
"883","4324-BZCKL",0,0
"884","4335-BSMJS",0,0
"885","4343-EJVQB",0,0
"886","4355-CVPVS",0,0
"887","4360-PNRQB",0,1
"888","4360-QRAVE",0,0
"889","4361-JEIVL",1,1
"890","4369-NYSCF",0,0
"891","4377-VDHYI",0,0
"892","4378-BZYFP",0,0
"893","4385-GZQXV",1,1
"894","4402-FTBXC",0,0
"895","4404-HIBDJ",1,0
"896","4419-UJMUS",0,0
"897","4423-JWZJN",0,0
"898","4423-YLHDV",1,0
"899","4424-TKOPW",1,1
"900","4431-EDMIQ",0,0
"901","4432-ADRLB",1,0
"902","4433-JCGCG",1,1
"903","4439-JMPMT",1,1
"904","4443-EMBNA",0,0
"905","4446-BZKHU",1,0
"906","4450-MDZFX",0,0
"907","4452-QIIEB",0,0
"908","4456-RHSNB",0,0
"909","4468-YDOVK",0,0
"910","4482-FTFFX",0,0
"911","4486-EFAEB",0,0
"912","4487-ZYJZK",0,0
"913","4488-PSYCG",1,0
"914","4500-HKANN",0,0
"915","4501-UYKBC",0,0
"916","4501-VCPFK",0,0
"917","4503-BDXBD",1,0
"918","4508-OEBEY",0,0
"919","4510-HIMLV",1,1
"920","4513-CXYIX",0,0
"921","4514-GFCFI",1,1
"922","4518-FZBSX",0,0
"923","4521-YEEHE",0,1
"924","4522-AKYLR",0,0
"925","4523-WXCEF",1,0
"926","4531-AUZNK",0,0
"927","4536-PLEQY",0,1
"928","4544-RXFMG",0,0
"929","4546-FOKWR",0,1
"930","4547-FZJWE",0,0
"931","4547-KQRTM",1,1
"932","4549-ZDQYY",0,0
"933","4550-VBOFE",1,0
"934","4559-UWIHT",0,1
"935","4566-NECEV",0,1
"936","4567-AKPIA",0,0
"937","4572-DVCGN",1,1
"938","4581-LNWUM",0,0
"939","4585-HETAI",1,1
"940","4587-NUKOX",1,1
"941","4588-YBNIB",1,0
"942","4598-XLKNJ",1,1
"943","4611-ANLQC",0,0
"944","4612-THJBS",1,0
"945","4615-PIVVU",0,0
"946","4626-OZDTJ",0,0
"947","4628-WQCQQ",1,0
"948","4631-OACRM",1,1
"949","4634-JLRJT",0,0
"950","4635-EJYPD",0,0
"951","4636-QRJKY",1,1
"952","4641-FROLU",0,0
"953","4646-QZXTF",0,0
"954","4647-XXZAM",0,0
"955","4648-YPBTM",0,0
"956","4652-ODEVH",0,0
"957","4654-ULTTN",0,0
"958","4656-CAURT",0,0
"959","4659-NZRUF",1,0
"960","4676-MQUEA",0,0
"961","4683-WYDOU",0,0
"962","4686-UXDML",0,1
"963","4692-NNQRU",0,0
"964","4701-MLJPN",1,0
"965","4702-HDRKD",0,0
"966","4706-AXVKM",1,1
"967","4707-MAXGU",0,0
"968","4713-ZBURT",0,0
"969","4716-HHKQH",0,1
"970","4717-GHADL",0,0
"971","4718-DHSMV",0,0
"972","4726-DLWQN",0,0
"973","4729-XKASR",1,1
"974","4735-BJKOU",0,0
"975","4737-HOBAX",0,0
"976","4745-LSPLO",1,0
"977","4747-LCAQL",0,0
"978","4749-OJKQU",0,1
"979","4751-ERMAN",0,0
"980","4759-PXTAN",0,0
"981","4770-UEZOX",0,1
"982","4774-HHGGS",0,0
"983","4779-ZGICK",0,0
"984","4782-OSFXZ",0,0
"985","4785-QRJHC",1,0
"986","4795-KTRTH",1,1
"987","4797-MIWUM",0,0
"988","4803-AXVYP",1,0
"989","4806-DXQCE",0,0
"990","4815-TUMEQ",0,0
"991","4817-VYYWS",1,1
"992","4818-QIUFN",1,1
"993","4819-HJPIW",0,0
"994","4826-TZEVA",0,0
"995","4830-FAXFM",0,0
"996","4831-EOBFE",1,0
"997","4835-YSJMR",0,0
"998","4837-QUSFT",0,0
"999","4840-ORQXB",0,0
"1000","4846-WHAFZ",1,1
"1001","4853-OITSN",0,1
"1002","4853-RULSV",1,0
"1003","4860-YZGZM",0,0
"1004","4873-ILOLJ",1,0
"1005","4877-TSOFF",0,0
"1006","4879-GZLFH",0,0
"1007","4883-KCPZJ",0,0
"1008","4884-ZTHVF",0,1
"1009","4895-TMWIR",1,0
"1010","4903-CNOZC",0,0
"1011","4903-UYAVB",1,0
"1012","4905-JEFDW",1,0
"1013","4906-ZHGPK",0,0
"1014","4908-XAXAY",0,0
"1015","4910-GMJOT",1,1
"1016","4913-EHYUI",1,0
"1017","4915-BFSXL",0,0
"1018","4918-FYJNT",0,0
"1019","4918-QLLIW",1,0
"1020","4925-LMHOK",1,0
"1021","4926-UMJZD",0,0
"1022","4927-WWOOZ",0,1
"1023","4929-BSTRX",1,1
"1024","4929-XIHVW",0,1
"1025","4933-BSAIP",0,0
"1026","4936-YPJNK",0,0
"1027","4942-VZZOM",0,0
"1028","4950-BDEUX",0,0
"1029","4950-HKQTE",0,0
"1030","4958-GZWIY",1,0
"1031","4958-XCBDQ",1,1
"1032","4959-JOSRX",1,0
"1033","4971-PUYQO",1,0
"1034","4973-MGTON",0,0
"1035","4983-CCWMC",0,1
"1036","4986-MXSFP",0,0
"1037","4988-IQIGL",1,1
"1038","4990-ALDGW",0,0
"1039","4992-LTJNE",0,0
"1040","4994-OBRSZ",0,0
"1041","4998-IKFSE",0,0
"1042","5003-OKNNK",0,0
"1043","5006-MXVRN",0,0
"1044","5016-IBERQ",0,0
"1045","5016-LIPDW",0,0
"1046","5018-HEKFO",0,0
"1047","5022-KVDQT",0,1
"1048","5027-QPKTE",1,1
"1049","5028-HTLJB",1,0
"1050","5049-GLYVG",1,0
"1051","5054-IEXZT",1,1
"1052","5055-BRMNE",0,0
"1053","5055-MGMGF",0,0
"1054","5057-RKGLH",0,0
"1055","5060-TQUQN",0,0
"1056","5061-PBXFW",0,0
"1057","5062-CJJKH",0,0
"1058","5087-SUURX",1,0
"1059","5090-EMGTC",0,0
"1060","5093-FEGLU",0,0
"1061","5095-ETBRJ",0,0
"1062","5103-MHMHY",1,0
"1063","5117-IFGPS",0,1
"1064","5125-CNDSP",0,0
"1065","5127-BZENZ",0,0
"1066","5133-POWUA",0,1
"1067","5133-VRSAB",0,0
"1068","5136-KCKGI",1,0
"1069","5144-PQCDZ",0,0
"1070","5146-YYFRZ",0,0
"1071","5149-QYTTU",0,0
"1072","5153-RTHKF",0,0
"1073","5155-AZQPB",0,0
"1074","5160-UXJED",0,0
"1075","5161-UBZXI",0,0
"1076","5168-MQQCA",0,0
"1077","5168-MSWXT",0,1
"1078","5171-EPLKN",0,0
"1079","5172-RKOCB",0,0
"1080","5174-ITUMV",0,0
"1081","5175-AOBHI",1,0
"1082","5176-LMJXE",0,0
"1083","5186-PEIZU",0,0
"1084","5192-EBGOV",1,1
"1085","5195-KPUNQ",0,0
"1086","5196-WPYOW",0,0
"1087","5197-PYEPU",0,0
"1088","5198-EFNBM",0,0
"1089","5204-QZXPU",1,0
"1090","5213-TWWJU",0,0
"1091","5214-CHIWJ",0,0
"1092","5216-WASFJ",0,1
"1093","5222-IMUKT",0,0
"1094","5227-JSCFE",0,0
"1095","5228-EXCET",1,1
"1096","5229-PRWKT",1,1
"1097","5232-NXPAY",0,0
"1098","5233-GEEAX",1,1
"1099","5240-IJOQT",1,1
"1100","5243-SAOTC",0,0
"1101","5248-KWLAR",0,0
"1102","5248-RPYWW",0,0
"1103","5261-QSHQM",1,1
"1104","5271-DBYSJ",0,1
"1105","5275-PMFUT",0,0
"1106","5281-BUZGT",1,0
"1107","5294-IMHHT",0,0
"1108","5295-PCJOO",1,0
"1109","5296-BFCYD",0,0
"1110","5297-MDOIR",0,0
"1111","5304-EFJLP",0,0
"1112","5307-UVGNB",0,0
"1113","5311-IHLEI",0,0
"1114","5312-TSZVC",0,0
"1115","5315-CKEQK",0,0
"1116","5317-FLPJF",0,0
"1117","5320-BRKGK",0,0
"1118","5321-NTRKC",0,0
"1119","5324-KTGCG",0,0
"1120","5337-IIWKZ",0,0
"1121","5339-PXDVH",0,1
"1122","5349-AZPEW",0,0
"1123","5357-TZHPP",1,1
"1124","5364-EVNIB",1,1
"1125","5366-IJEQJ",1,1
"1126","5375-XLDOF",0,0
"1127","5378-IKEEG",1,1
"1128","5383-MMTWC",1,1
"1129","5402-HTOTQ",0,0
"1130","5404-GGUKR",0,0
"1131","5406-KGRMX",0,0
"1132","5419-KLXBN",1,0
"1133","5423-BHIXO",0,0
"1134","5429-LWCMV",0,1
"1135","5433-KYGHE",0,1
"1136","5440-FLBQG",1,0
"1137","5440-VHLUL",0,0
"1138","5442-BHQNG",0,1
"1139","5445-GLVOT",0,0
"1140","5447-WZAFP",0,0
"1141","5457-COLHT",0,0
"1142","5461-QKNTN",0,0
"1143","5468-BPMMO",0,0
"1144","5482-VXSXJ",0,0
"1145","5494-WOZRZ",0,0
"1146","5495-GPSRW",0,0
"1147","5498-IBWPI",0,0
"1148","5499-ECUTN",0,0
"1149","5515-AKOAJ",1,0
"1150","5519-NPHVG",1,1
"1151","5519-TEEUH",0,0
"1152","5522-NYKPB",0,0
"1153","5524-KHNJP",0,0
"1154","5533-RJFTJ",0,0
"1155","5536-RTPWK",1,0
"1156","5536-SLHPM",1,0
"1157","5539-HIVAK",0,0
"1158","5539-TMZLF",1,1
"1159","5543-QDCRY",0,0
"1160","5546-QUERU",0,0
"1161","5561-NWEVX",1,1
"1162","5567-GZKQY",0,0
"1163","5569-IDSEY",0,0
"1164","5569-OUICF",1,1
"1165","5572-ZDXHY",1,0
"1166","5575-TPIZQ",0,0
"1167","5577-OTWWW",1,0
"1168","5583-EJXRD",0,0
"1169","5590-ZSKRV",0,0
"1170","5593-SUAOO",0,0
"1171","5597-GLBUC",1,1
"1172","5600-KTXFM",0,1
"1173","5605-IYGFG",0,1
"1174","5609-IMCGG",0,1
"1175","5616-PRTNT",1,0
"1176","5619-XZZKR",0,0
"1177","5626-MGTUK",0,0
"1178","5642-MHDQT",0,0
"1179","5647-FXOTP",0,0
"1180","5647-URDKA",0,0
"1181","5649-ANRML",1,1
"1182","5649-RXQTV",0,0
"1183","5649-VUKMC",1,0
"1184","5651-CRHKQ",0,0
"1185","5651-WYIPH",0,0
"1186","5651-YLPRD",0,1
"1187","5656-MJEFC",0,0
"1188","5666-CYCYZ",0,0
"1189","5671-UUNXD",0,0
"1190","5673-FSSMF",1,1
"1191","5676-CFLYY",0,0
"1192","5688-KZTSN",1,0
"1193","5693-PIPCS",0,0
"1194","5696-EXCYS",0,0
"1195","5701-YVSVF",0,1
"1196","5701-ZIKJE",0,0
"1197","5702-KVQRD",0,0
"1198","5702-SKUOB",0,0
"1199","5707-ORNDZ",1,0
"1200","5724-BIDBU",0,0
"1201","5727-MYATE",0,0
"1202","5730-DBDSI",0,0
"1203","5734-EJKXG",0,0
"1204","5747-PMBSQ",1,1
"1205","5760-FXFVO",0,1
"1206","5762-TJXGK",0,0
"1207","5766-XQXMQ",1,0
"1208","5774-XZTQC",0,0
"1209","5778-BVOFB",0,0
"1210","5781-BKHOP",0,0
"1211","5788-YPOEG",0,0
"1212","5792-JALQC",0,0
"1213","5795-KTGUD",0,0
"1214","5797-APWZC",1,1
"1215","5834-ASPWA",1,1
"1216","5840-NVDCG",0,0
"1217","5842-POCOP",1,1
"1218","5844-QVTAT",0,0
"1219","5845-BZZIB",0,0
"1220","5850-BDWCY",0,0
"1221","5854-KSRBJ",0,0
"1222","5857-TYBCJ",0,0
"1223","5857-XRECV",0,0
"1224","5858-EAFCZ",0,0
"1225","5859-HZYLF",0,0
"1226","5863-OOKCL",0,0
"1227","5872-OEQNH",0,0
"1228","5879-HMFFH",0,0
"1229","5879-SESNB",0,1
"1230","5882-CMAZQ",0,0
"1231","5884-GCYMI",1,1
"1232","5887-IKKYO",0,0
"1233","5899-OUVKV",0,0
"1234","5902-WBLSE",0,0
"1235","5906-DVAPM",0,0
"1236","5909-ECHUI",1,1
"1237","5913-INRQV",0,0
"1238","5914-XRFQB",0,0
"1239","5915-DGNVC",0,0
"1240","5917-RYRMG",0,0
"1241","5921-NGYRH",0,0
"1242","5937-EORGB",0,1
"1243","5939-XAIXZ",0,0
"1244","5940-AHUHD",1,1
"1245","5945-AZYHT",0,0
"1246","5949-EBSQK",1,0
"1247","5949-HGVJL",0,0
"1248","5956-VKDTT",1,1
"1249","5966-EMAZU",0,0
"1250","5968-HYJRZ",0,0
"1251","5976-JCJRH",1,1
"1252","5977-CKHON",0,0
"1253","5981-ZVXOT",0,0
"1254","5982-FPVQN",0,0
"1255","5982-XMDEX",0,0
"1256","5985-TBABQ",0,0
"1257","5989-OMNJE",0,0
"1258","5995-OIGLP",1,0
"1259","5996-DAOQL",0,0
"1260","5996-EBTKM",0,0
"1261","5999-LCXAO",0,1
"1262","6000-UKLWI",0,0
"1263","6015-VVHHE",1,1
"1264","6023-YEBUP",1,1
"1265","6034-ZRYCV",1,0
"1266","6035-RIIOM",0,0
"1267","6047-SUHPR",0,0
"1268","6048-UWKAL",0,0
"1269","6061-GWWAV",0,0
"1270","6067-NGCEU",0,0
"1271","6072-NUQCB",0,0
"1272","6077-BDPXA",0,1
"1273","6080-LNESI",0,0
"1274","6082-GLJIX",0,0
"1275","6087-YPWHO",0,0
"1276","6088-BXMRG",0,1
"1277","6097-EQISJ",1,0
"1278","6100-FJZDG",0,0
"1279","6108-OQZDQ",1,1
"1280","6112-KTHFQ",0,0
"1281","6121-VZNQB",1,0
"1282","6122-LJADA",0,0
"1283","6124-ACRHJ",0,0
"1284","6127-ISGTU",1,1
"1285","6127-IYJOZ",0,1
"1286","6131-JLWZM",0,0
"1287","6133-OZILE",0,0
"1288","6137-MFAJN",0,0
"1289","6139-ZZRBQ",0,0
"1290","6142-VSJQO",1,0
"1291","6158-HDPXZ",0,1
"1292","6161-UUUTA",1,1
"1293","6169-PPETC",0,0
"1294","6173-GOLSU",0,0
"1295","6175-IRFIT",0,1
"1296","6177-PEVRA",0,0
"1297","6178-KFNHS",1,1
"1298","6180-YBIQI",0,0
"1299","6188-UXBBR",0,0
"1300","6195-MELTI",0,0
"1301","6202-DYYFX",0,0
"1302","6207-WIOLX",1,0
"1303","6210-KBBPI",1,1
"1304","6223-DHJGV",0,0
"1305","6227-HWPWX",1,0
"1306","6234-PFPXL",0,0
"1307","6235-VDHOM",1,1
"1308","6240-EURKS",1,0
"1309","6242-MBHPK",0,1
"1310","6244-BESBM",0,0
"1311","6248-BSHKG",0,0
"1312","6253-GNHWH",0,0
"1313","6253-WRFHY",0,0
"1314","6260-ONULR",0,0
"1315","6260-XLACS",0,0
"1316","6261-RCVNS",1,0
"1317","6265-SXWBU",0,0
"1318","6266-QHOJZ",0,0
"1319","6281-FKEWS",0,0
"1320","6284-AHOOQ",1,0
"1321","6284-KMNUF",0,0
"1322","6286-SUUWT",0,1
"1323","6288-CHQJB",0,0
"1324","6288-LBEAR",0,0
"1325","6292-TOSSS",0,0
"1326","6295-OSINB",0,0
"1327","6300-BWMJX",0,0
"1328","6311-UEUME",1,1
"1329","6317-YPKDH",1,1
"1330","6319-IEJWJ",1,0
"1331","6322-HRPFA",0,0
"1332","6328-ZPBGN",1,1
"1333","6330-JKLPC",1,1
"1334","6331-LWDTQ",1,0
"1335","6332-FBZRI",0,0
"1336","6339-YPSAH",0,1
"1337","6340-DACFT",0,0
"1338","6341-JVQGF",0,0
"1339","6344-SFJVH",0,0
"1340","6347-DCUIK",1,1
"1341","6349-JDHQP",0,0
"1342","6356-ELRKD",1,1
"1343","6357-JJPQT",0,1
"1344","6366-XIVKZ",0,0
"1345","6377-WHAOX",0,0
"1346","6380-ARCEH",0,0
"1347","6383-ZTSIW",0,0
"1348","6384-VMJHP",0,0
"1349","6390-DSAZX",1,1
"1350","6393-WRYZE",1,1
"1351","6394-HHHZM",0,0
"1352","6397-JNZZG",1,0
"1353","6402-EJMWF",0,0
"1354","6402-SSEJG",0,0
"1355","6407-UTSLV",0,1
"1356","6418-PIQSP",0,0
"1357","6425-JWTDV",0,0
"1358","6425-YQLLO",1,0
"1359","6427-FEFIG",0,0
"1360","6434-TTGJP",0,0
"1361","6435-VWCCY",0,0
"1362","6457-USBER",1,1
"1363","6461-PPAXN",0,0
"1364","6461-SZMCV",0,0
"1365","6463-HHXJR",0,0
"1366","6464-KEXXH",0,0
"1367","6469-QJKZW",0,0
"1368","6474-FVJLC",1,1
"1369","6475-VHUIZ",0,0
"1370","6479-VDGRK",0,0
"1371","6483-OATDN",0,0
"1372","6497-TILVL",0,0
"1373","6505-OZNPG",0,0
"1374","6507-DTJZV",0,0
"1375","6508-NJYRO",0,0
"1376","6509-TSGWN",0,0
"1377","6510-UPNKS",0,0
"1378","6516-NKQBO",0,0
"1379","6518-PPLMZ",0,0
"1380","6519-ZHPXP",0,0
"1381","6521-YYTYI",1,1
"1382","6532-YLWSI",1,0
"1383","6537-OTKMY",0,0
"1384","6549-BTYPG",0,0
"1385","6551-GNYDG",0,1
"1386","6556-DBKZF",0,0
"1387","6572-ADKRS",0,0
"1388","6575-SUVOI",0,0
"1389","6576-FBXOJ",0,0
"1390","6584-VQMYT",0,0
"1391","6591-QGOYB",0,0
"1392","6599-RCLCJ",1,0
"1393","6614-YWYSC",0,0
"1394","6615-NGGZJ",1,1
"1395","6629-CZTTH",1,0
"1396","6629-LADHQ",0,0
"1397","6631-HMANX",0,0
"1398","6637-KYRCV",0,0
"1399","6650-BWFRT",0,0
"1400","6653-CBBOM",1,1
"1401","6663-JOCQO",0,0
"1402","6681-ZSEXG",0,0
"1403","6686-YPGHK",1,0
"1404","6688-UZPWD",1,1
"1405","6689-TCZHQ",1,1
"1406","6691-CCIHA",0,0
"1407","6693-DJWTY",0,0
"1408","6693-FRIRW",0,0
"1409","6704-UTUKK",0,0
"1410","6713-OKOMC",0,0
"1411","6715-OFDBP",1,0
"1412","6719-OXYBR",0,0
"1413","6723-WSNTY",0,0
"1414","6725-TPKJO",0,0
"1415","6726-WEXXK",0,0
"1416","6727-IOTLZ",0,0
"1417","6728-DKUCO",0,0
"1418","6728-VOIFY",0,0
"1419","6729-GDNGC",0,0
"1420","6732-VAILE",0,0
"1421","6733-LRIZX",0,0
"1422","6734-FQAJX",0,0
"1423","6741-EGCBI",0,0
"1424","6749-UTDVX",0,0
"1425","6752-APNJL",0,0
"1426","6754-LZUKA",0,0
"1427","6754-WKSHP",0,0
"1428","6770-XUAGN",1,0
"1429","6771-XWBDM",1,0
"1430","6772-WFQRD",0,0
"1431","6776-TLWOI",1,0
"1432","6789-HJBWG",0,0
"1433","6791-YBNAK",0,0
"1434","6797-UCJHZ",0,0
"1435","6804-GDMOI",1,0
"1436","6807-SIWJI",0,0
"1437","6810-VCAEX",0,0
"1438","6813-GZQCG",0,0
"1439","6818-WOBHJ",1,0
"1440","6821-JPCDC",0,0
"1441","6825-UYPFK",1,0
"1442","6828-HMKWP",0,0
"1443","6833-JMZYP",0,1
"1444","6837-HAEVO",0,0
"1445","6851-WEFYX",0,1
"1446","6857-TKDJV",0,0
"1447","6857-VWJDT",1,1
"1448","6861-XWTWQ",1,1
"1449","6865-JZNKO",0,0
"1450","6869-FGJJC",0,0
"1451","6873-UDNLD",0,0
"1452","6877-TJMBR",1,1
"1453","6885-PKOAM",0,0
"1454","6888-SBYAI",0,0
"1455","6892-XPFPU",1,1
"1456","6897-UUBNU",0,0
"1457","6898-MDLZW",0,0
"1458","6899-PPEEA",1,1
"1459","6905-NIQIN",1,0
"1460","6907-NZZIJ",1,1
"1461","6910-HADCM",1,1
"1462","6921-OZMFH",0,0
"1463","6924-TDGMT",0,0
"1464","6933-FHBZC",0,0
"1465","6942-LBFDP",0,0
"1466","6952-OMNWB",0,0
"1467","6953-PBDIN",0,0
"1468","6960-HVYXR",1,1
"1469","6967-PEJLL",0,0
"1470","6972-SNKKW",0,0
"1471","6979-TNDEU",0,0
"1472","6980-CDGFC",0,0
"1473","6980-IMXXE",0,0
"1474","6987-XQSJT",1,0
"1475","6992-TKNYO",0,0
"1476","6993-YCOBK",0,0
"1477","6996-KNSML",1,1
"1478","7009-LGECI",0,0
"1479","7009-PCARS",0,0
"1480","7010-BRBUU",0,0
"1481","7010-ZMVBF",0,0
"1482","7011-CVEUC",0,0
"1483","7014-ZZXAW",0,0
"1484","7016-BPGEU",1,0
"1485","7017-VFHAY",0,0
"1486","7020-OZKXZ",0,0
"1487","7026-YMSBE",0,0
"1488","7029-IJEJK",0,0
"1489","7029-RPUAV",1,1
"1490","7030-FZTFM",0,0
"1491","7033-CLAMM",0,0
"1492","7036-TYDEC",0,0
"1493","7037-MTYVW",0,0
"1494","7041-TXQJH",0,0
"1495","7054-LGEQW",1,0
"1496","7056-IMHCC",1,0
"1497","7064-FRRSW",0,0
"1498","7067-KSAZT",1,0
"1499","7074-STDCN",0,0
"1500","7089-XXAYG",0,0
"1501","7094-MSZAO",0,0
"1502","7096-UCLNH",0,0
"1503","7123-WQUHX",0,0
"1504","7126-RBHSD",0,0
"1505","7129-AZJDE",0,0
"1506","7130-CTCUS",0,0
"1507","7137-RYLPP",1,0
"1508","7139-JZFVG",0,0
"1509","7140-ADSMJ",0,0
"1510","7142-HVGBG",1,1
"1511","7143-BQIBA",0,0
"1512","7153-CHRBV",0,0
"1513","7156-MHUGY",1,1
"1514","7168-HDQHG",0,0
"1515","7173-TETGO",0,0
"1516","7181-BQYBV",1,1
"1517","7181-OQCUT",0,0
"1518","7184-LRUUR",0,0
"1519","7196-LIWRH",0,0
"1520","7197-VOJMM",0,0
"1521","7203-OYKCT",0,0
"1522","7205-BAIAD",0,0
"1523","7216-KAOID",0,0
"1524","7225-CBZPL",0,1
"1525","7225-IILWY",0,0
"1526","7228-OMTPN",1,1
"1527","7228-PAQPD",0,0
"1528","7233-PAHHL",0,0
"1529","7235-NXZCP",1,1
"1530","7240-ETPTR",1,0
"1531","7240-FQLHE",1,1
"1532","7242-QZLXF",1,1
"1533","7245-JMTTQ",0,0
"1534","7246-ZGQDF",0,1
"1535","7249-WBIYX",1,1
"1536","7251-XFOIL",0,0
"1537","7254-IQWOZ",1,1
"1538","7268-WNTCP",0,0
"1539","7269-JISCY",0,0
"1540","7271-AJDTL",0,0
"1541","7274-RTAPZ",1,1
"1542","7277-OZCGZ",0,0
"1543","7279-BUYWN",1,0
"1544","7284-BUYEC",0,0
"1545","7294-TMAOP",1,1
"1546","7295-JOMMD",1,1
"1547","7301-ABVAD",0,0
"1548","7305-ZWMAJ",0,0
"1549","7311-MQJCH",0,0
"1550","7312-XSBAT",0,1
"1551","7318-EIVKO",0,0
"1552","7319-VENRZ",0,0
"1553","7319-ZNRTR",0,0
"1554","7325-ENZFI",0,0
"1555","7338-ERIVA",0,0
"1556","7339-POGZN",0,0
"1557","7343-EOBEU",0,0
"1558","7351-KYHQH",0,0
"1559","7351-MHQVU",0,0
"1560","7353-YOWFP",0,0
"1561","7354-OIJLX",0,1
"1562","7363-QTBIW",0,1
"1563","7379-POKDZ",1,1
"1564","7384-GHBPI",1,1
"1565","7392-YYPYJ",0,1
"1566","7395-XWZOY",0,0
"1567","7398-SKNQZ",0,1
"1568","7401-RUBNK",0,0
"1569","7402-EYFXX",0,1
"1570","7402-PWYJJ",0,0
"1571","7409-KIUTL",1,1
"1572","7410-YTJIK",1,1
"1573","7421-ZLUPA",0,0
"1574","7426-GSWPO",0,0
"1575","7442-YGZFK",0,1
"1576","7449-HVPIV",0,0
"1577","7459-IMVYU",0,0
"1578","7469-LKBCI",0,0
"1579","7470-DYNOE",0,0
"1580","7470-MCQTK",1,0
"1581","7472-EQOAV",0,0
"1582","7479-NITWS",1,1
"1583","7480-SPLEF",0,0
"1584","7495-OOKFY",1,1
"1585","7502-BNYGS",0,0
"1586","7503-EPSZW",0,0
"1587","7503-MIOGA",0,0
"1588","7503-QQRVF",1,0
"1589","7503-ZGUZJ",1,1
"1590","7504-UWHNB",0,0
"1591","7520-HQWJU",0,0
"1592","7521-AFHAB",0,0
"1593","7524-VRLPL",0,0
"1594","7526-BEZQB",1,1
"1595","7526-IVLYU",0,0
"1596","7531-GQHME",0,0
"1597","7534-BFESC",1,0
"1598","7537-RBWEA",0,1
"1599","7560-QJAVJ",0,0
"1600","7560-QRBXH",0,0
"1601","7562-UXTPG",0,0
"1602","7563-BIUPC",1,1
"1603","7569-NMZYQ",0,0
"1604","7570-WELNY",0,0
"1605","7572-KPVKK",0,0
"1606","7576-JMYWV",0,0
"1607","7577-SWIFR",0,1
"1608","7587-AOVVU",0,0
"1609","7593-JNWRU",1,0
"1610","7594-LZNWR",0,0
"1611","7595-EHCDL",0,0
"1612","7595-EUIVN",1,1
"1613","7596-IIWYC",0,0
"1614","7598-UAASY",1,1
"1615","7599-FKVXZ",1,0
"1616","7601-GNDYK",0,0
"1617","7602-MVRMB",0,0
"1618","7605-SNLQG",0,0
"1619","7607-QKKTJ",0,0
"1620","7608-RGIRO",0,0
"1621","7610-TVOPG",0,0
"1622","7611-YKYTC",0,0
"1623","7615-ESMYF",1,1
"1624","7617-EYGLW",0,0
"1625","7619-ODSGN",1,0
"1626","7619-PLRLP",0,0
"1627","7625-XCQRH",1,1
"1628","7636-PEPNS",0,0
"1629","7638-QVMVY",1,1
"1630","7639-OPLNG",0,0
"1631","7649-SIJJF",0,0
"1632","7658-UYUQS",0,0
"1633","7660-HDPJV",1,1
"1634","7661-CPURM",0,0
"1635","7663-YJHSN",0,0
"1636","7663-ZTEGJ",0,0
"1637","7665-NKLAV",0,0
"1638","7665-VIGUD",0,0
"1639","7666-WKRON",1,0
"1640","7669-LCRSD",0,0
"1641","7670-ZBPOQ",0,0
"1642","7673-BQGKU",0,0
"1643","7675-OZCZG",1,1
"1644","7677-SJJJK",0,0
"1645","7684-XSZIY",0,0
"1646","7691-XVTZH",0,0
"1647","7694-VLBWQ",1,0
"1648","7698-YFGEZ",0,1
"1649","7706-YLMQA",0,0
"1650","7711-GQBZC",0,0
"1651","7718-RXDGG",0,0
"1652","7722-CVFXN",0,0
"1653","7727-SHVZV",0,0
"1654","7729-JTEEC",0,1
"1655","7729-XBTWX",0,0
"1656","7730-CLDSV",0,0
"1657","7730-IUTDZ",1,0
"1658","7733-UDMTP",0,0
"1659","7740-BTPUX",0,0
"1660","7746-AWNQW",0,0
"1661","7750-EYXWZ",0,0
"1662","7753-USQYQ",0,0
"1663","7754-IXRMC",0,0
"1664","7758-UJWYS",0,0
"1665","7760-OYPDY",1,1
"1666","7766-CLTIC",0,0
"1667","7774-OJSXI",1,0
"1668","7776-QGYJC",0,0
"1669","7779-LGOVN",1,1
"1670","7783-YKGDV",1,1
"1671","7785-RDVIG",0,0
"1672","7789-CRUVC",0,0
"1673","7795-CFOCW",0,0
"1674","7799-DSEWS",0,0
"1675","7811-JIVPF",0,0
"1676","7813-ZGGAW",0,1
"1677","7814-LEEVE",0,0
"1678","7823-JSOAG",0,1
"1679","7825-ECJRF",1,0
"1680","7825-GKXMW",1,1
"1681","7839-NUIAA",0,0
"1682","7839-QRKXN",1,0
"1683","7841-FCRQD",0,0
"1684","7853-WNZSY",0,0
"1685","7854-EDSSA",1,0
"1686","7855-DIWPO",0,0
"1687","7856-GANIL",0,0
"1688","7872-BAAZR",0,0
"1689","7872-RDDLZ",0,0
"1690","7873-CVMAW",0,0
"1691","7876-DNYAP",0,0
"1692","7893-IXHRQ",1,0
"1693","7901-HXJVA",0,0
"1694","7921-BEPCI",0,0
"1695","7926-IJOOU",0,0
"1696","7929-DMBCV",0,0
"1697","7931-PXHFC",1,0
"1698","7932-WPTDS",1,1
"1699","7945-HLKEA",0,0
"1700","7950-XWOVN",0,0
"1701","7951-QKZPL",1,0
"1702","7964-VEXDG",0,0
"1703","7975-JMZNT",0,0
"1704","7976-CICYS",0,0
"1705","7978-DKUQH",0,0
"1706","7979-CORPM",1,0
"1707","7982-VCELR",0,0
"1708","7989-VCQOH",0,0
"1709","8000-REIQB",1,1
"1710","8008-ESFLK",0,0
"1711","8015-IHCGW",0,0
"1712","8017-UVSZU",0,0
"1713","8028-PNXHQ",0,0
"1714","8033-ATFAS",0,0
"1715","8039-ACLPL",0,0
"1716","8040-MNRTF",0,1
"1717","8041-TMEID",0,0
"1718","8049-WJCLQ",0,0
"1719","8050-WYBND",0,0
"1720","8051-HJRLT",1,1
"1721","8053-WWDRO",1,0
"1722","8058-INTPH",1,1
"1723","8058-JMEQO",1,1
"1724","8059-UDZFY",0,1
"1725","8062-YBDOE",1,1
"1726","8063-RJYNF",1,1
"1727","8064-RAVOH",0,1
"1728","8066-POXGX",1,0
"1729","8071-SBTRN",0,0
"1730","8087-LGYHQ",0,1
"1731","8098-TDCBU",0,0
"1732","8099-MZPUJ",0,0
"1733","8100-PNJMH",0,0
"1734","8107-RZLNV",0,0
"1735","8120-JDCAM",0,1
"1736","8125-QPFJD",0,0
"1737","8133-ANHHJ",0,0
"1738","8143-ETQTI",0,0
"1739","8150-QUDFX",0,0
"1740","8164-OCKUJ",0,0
"1741","8165-CBKXO",0,0
"1742","8166-ZZTFS",1,0
"1743","8173-RXAYP",0,0
"1744","8189-XRIKE",0,0
"1745","8200-KLNYW",0,0
"1746","8200-LGKSR",0,0
"1747","8201-AAXCB",0,0
"1748","8204-YJCLA",0,0
"1749","8216-AZUUZ",0,0
"1750","8217-QYOHV",0,0
"1751","8221-HVAYI",0,0
"1752","8226-BXGES",0,0
"1753","8232-UTFOZ",0,0
"1754","8237-ULIXL",0,0
"1755","8242-PDSGJ",0,0
"1756","8265-HKSOW",0,0
"1757","8267-KFGYD",0,0
"1758","8267-ZNYVZ",1,0
"1759","8280-MQRQN",1,1
"1760","8292-ITGYJ",0,0
"1761","8292-TYSPY",1,0
"1762","8294-UIMBA",0,0
"1763","8309-IEYJD",0,1
"1764","8314-DPQHL",0,0
"1765","8316-BBQAY",0,0
"1766","8318-LCNBW",0,0
"1767","8325-QRPZR",0,1
"1768","8327-WKMIE",0,0
"1769","8329-IBCTI",1,0
"1770","8331-ZXFOE",0,0
"1771","8332-OSJDW",0,0
"1772","8337-UPOAQ",1,1
"1773","8344-WFMFH",0,0
"1774","8361-LBRDI",0,0
"1775","8372-JUXUI",1,1
"1776","8375-KVTHK",0,0
"1777","8388-DMKAE",0,0
"1778","8393-JMVMB",0,0
"1779","8395-ETZKQ",0,0
"1780","8397-MVTAZ",1,1
"1781","8399-YNDCH",1,0
"1782","8401-EMUWF",0,0
"1783","8406-LNMHF",0,0
"1784","8429-XIBUM",1,0
"1785","8430-TWCBX",0,0
"1786","8434-PNQZX",0,0
"1787","8434-VGEQQ",0,0
"1788","8443-ZRDBZ",1,1
"1789","8450-JOVAH",1,0
"1790","8450-UYIBU",0,0
"1791","8454-AATJP",0,0
"1792","8455-HIRAQ",0,0
"1793","8457-XIGKN",0,0
"1794","8464-EETCQ",0,0
"1795","8467-WYNSR",0,0
"1796","8480-PPONV",0,0
"1797","8486-AYEQH",0,1
"1798","8495-PRWFH",0,0
"1799","8498-XXGWA",0,0
"1800","8510-AWCXC",1,1
"1801","8510-BBWMU",0,0
"1802","8512-WIWYV",0,0
"1803","8513-OLYGY",0,0
"1804","8532-UEFWH",0,0
"1805","8544-JNBOX",0,0
"1806","8559-WNQZS",0,0
"1807","8565-CLBZW",1,0
"1808","8571-ZCMCX",0,0
"1809","8573-CGOCC",0,0
"1810","8580-AECUZ",1,1
"1811","8582-KRHPJ",0,0
"1812","8584-KMVXD",0,1
"1813","8590-OHDIW",0,0
"1814","8590-YFFQO",0,0
"1815","8592-PLTMQ",0,0
"1816","8593-WHYHV",1,1
"1817","8597-CWYHH",0,0
"1818","8603-IJWDN",1,1
"1819","8606-CIQUL",0,0
"1820","8606-OEGQZ",0,0
"1821","8612-GXIDD",0,0
"1822","8630-QSGXK",0,0
"1823","8631-NBHFZ",1,0
"1824","8631-WUXGY",0,0
"1825","8634-CILSZ",1,0
"1826","8642-GVWRF",1,1
"1827","8644-XLFBW",1,1
"1828","8644-XYTSV",0,0
"1829","8647-SDTWQ",0,0
"1830","8648-PFRMP",0,0
"1831","8650-RHRKE",1,1
"1832","8659-HDIYE",0,0
"1833","8659-IOOPU",0,0
"1834","8663-UPDGF",0,0
"1835","8671-KKKOS",0,0
"1836","8672-OAUPW",0,0
"1837","8679-LZBMD",0,0
"1838","8681-ICONS",0,0
"1839","8685-WHQPW",1,0
"1840","8687-BAFGU",0,1
"1841","8690-UPCZI",0,0
"1842","8696-JKZNU",1,1
"1843","8705-DWKTI",0,0
"1844","8705-WZCYL",0,1
"1845","8707-RMEZH",0,0
"1846","8714-CTZJW",0,1
"1847","8714-EUHJO",1,0
"1848","8718-PTMEZ",1,0
"1849","8735-DCXNF",0,0
"1850","8735-SDUFN",0,0
"1851","8738-JOKAR",0,0
"1852","8740-XLHDR",1,0
"1853","8741-LQOBK",0,0
"1854","8745-PVESG",0,0
"1855","8752-STIVR",1,1
"1856","8756-RDDLT",0,0
"1857","8761-NSOBC",1,0
"1858","8769-KKTPH",0,0
"1859","8775-CEBBJ",1,0
"1860","8778-LMWTJ",0,0
"1861","8779-QRDMV",1,1
"1862","8779-YIQQA",0,0
"1863","8780-IXSTS",1,1
"1864","8780-YRMTT",0,0
"1865","8808-ELEHO",1,1
"1866","8815-LMFLX",0,0
"1867","8816-VXNZD",1,1
"1868","8819-IMISP",0,1
"1869","8824-RWFXJ",1,0
"1870","8837-VVWLQ",1,1
"1871","8838-GPHZP",0,0
"1872","8849-PRIQJ",0,0
"1873","8851-RAGOV",0,0
"1874","8853-TZDGH",0,0
"1875","8857-CUPFQ",0,0
"1876","8868-GAGIO",0,0
"1877","8869-TORSS",1,0
"1878","8875-AKBYH",0,1
"1879","8879-ZKJOF",0,0
"1880","8882-TLVRW",0,0
"1881","8883-GRDWQ",0,0
"1882","8884-FEEWR",0,0
"1883","8884-MRNSU",0,0
"1884","8898-KASCD",0,0
"1885","8901-HJXTF",1,0
"1886","8901-UPRHR",0,0
"1887","8905-IAZPF",0,0
"1888","8908-SLFCJ",0,0
"1889","8910-LEDAG",0,0
"1890","8917-SZTTJ",0,0
"1891","8920-NAVAY",0,0
"1892","8922-LIEGH",1,1
"1893","8937-RDTHP",1,1
"1894","8938-UMKPI",1,1
"1895","8944-AILEF",0,0
"1896","8946-BFWSG",0,0
"1897","8958-JPTRR",0,0
"1898","8963-MQVYN",0,0
"1899","8966-OIQHG",0,0
"1900","8966-SNIZF",0,0
"1901","8972-HJWNV",1,1
"1902","8982-NHAVY",0,0
"1903","8984-EYLLL",0,0
"1904","8985-OOPOS",0,0
"1905","8990-YOZLV",0,0
"1906","8992-JQYUN",1,1
"1907","8999-EXMNO",0,0
"1908","9003-CPATH",0,0
"1909","9013-AQORL",0,0
"1910","9018-PCIOK",0,0
"1911","9025-ZRPVR",1,0
"1912","9026-LHEVG",0,0
"1913","9027-YFHQJ",0,0
"1914","9036-CSKBW",0,0
"1915","9039-RBEEE",1,0
"1916","9040-KZVWO",0,0
"1917","9046-DQMTP",0,0
"1918","9054-FOWNV",0,0
"1919","9065-ZCPQX",0,0
"1920","9067-SQTNS",0,0
"1921","9070-BCKQP",0,0
"1922","9073-ZZIAY",0,0
"1923","9074-KGVOX",0,0
"1924","9087-EYCPR",0,0
"1925","9090-SGQXL",1,0
"1926","9092-GDZKO",0,0
"1927","9102-IAYHT",1,1
"1928","9103-CXVOK",0,0
"1929","9103-TCIHJ",1,0
"1930","9108-EQPNQ",0,0
"1931","9110-HSGTV",0,0
"1932","9114-AAFQH",0,0
"1933","9121-PHQSR",0,1
"1934","9128-CPXKI",0,0
"1935","9135-HSWOC",0,0
"1936","9135-MGVPY",0,0
"1937","9136-ALYBR",1,1
"1938","9137-UIYPG",0,0
"1939","9139-TWBAS",0,0
"1940","9142-KZXOP",0,0
"1941","9143-CANJF",0,0
"1942","9153-BTBVV",0,0
"1943","9163-GHAYE",0,0
"1944","9167-APMXZ",0,0
"1945","9168-INPSZ",0,0
"1946","9184-GALIL",0,0
"1947","9194-GFVOI",0,0
"1948","9199-PWQVC",0,0
"1949","9206-GVPEQ",1,0
"1950","9207-ZPANB",0,0
"1951","9220-CXRSC",0,0
"1952","9225-BZLNZ",0,0
"1953","9227-YBAXE",0,0
"1954","9229-RQABD",0,0
"1955","9236-NDUCW",0,0
"1956","9239-GZHZE",0,0
"1957","9250-WYPLL",1,1
"1958","9251-AWQGT",0,0
"1959","9254-RBFON",1,0
"1960","9259-PACGQ",1,0
"1961","9269-CQOOL",1,0
"1962","9272-LSVYH",0,0
"1963","9274-CNFMO",1,1
"1964","9277-JOOMO",0,0
"1965","9281-OFDMF",0,0
"1966","9283-LZQOH",1,1
"1967","9294-TDIPC",0,0
"1968","9297-FVVDH",0,0
"1969","9314-IJWSQ",0,1
"1970","9314-QDMDW",0,0
"1971","9323-HGFWY",0,0
"1972","9327-QSDED",0,0
"1973","9330-IJWIO",1,1
"1974","9332-GYWLO",0,0
"1975","9355-NPPFS",0,0
"1976","9356-AXGMP",0,0
"1977","9357-UJRUN",0,0
"1978","9362-MWODR",0,0
"1979","9365-CSLBQ",0,0
"1980","9374-YOLBJ",0,0
"1981","9378-FXTIZ",1,0
"1982","9388-ZEYVT",0,0
"1983","9391-DXGGG",0,0
"1984","9391-EOYLI",1,1
"1985","9391-TTOYH",0,0
"1986","9392-XBGTD",0,0
"1987","9402-ROUMJ",0,0
"1988","9411-TPQQV",0,0
"1989","9415-DPEWS",1,0
"1990","9424-CMPOG",0,0
"1991","9432-VOFYX",0,0
"1992","9441-QHEVC",0,0
"1993","9442-JTWDL",0,0
"1994","9443-JUBUO",0,0
"1995","9451-LPGOO",1,1
"1996","9453-PATOS",0,0
"1997","9470-XCCEM",0,0
"1998","9474-PHLYD",1,0
"1999","9480-BQJEI",0,0
"2000","9483-GCPWE",0,0
"2001","9488-FYQAU",0,0
"2002","9488-HGMJH",1,1
"2003","9489-DEDVP",0,0
"2004","9495-SKLKD",0,0
"2005","9498-FIMXL",0,0
"2006","9499-XPZXM",0,0
"2007","9500-IWPXQ",0,0
"2008","9506-UXUSK",0,0
"2009","9508-ILZDG",0,0
"2010","9512-UIBFX",1,0
"2011","9513-DXHDA",0,0
"2012","9518-IMLHK",0,0
"2013","9518-RWHZL",1,0
"2014","9522-ZSINC",0,0
"2015","9526-JAWYF",1,0
"2016","9541-PWTWO",0,0
"2017","9547-ITEFG",0,1
"2018","9554-DFKIC",0,0
"2019","9558-IHEZX",0,0
"2020","9560-BBZXK",0,0
"2021","9565-AXSMR",0,0
"2022","9565-FLVCG",0,0
"2023","9570-KYEUA",0,0
"2024","9571-EDEBV",0,0
"2025","9575-IWCAZ",0,0
"2026","9576-SYUHJ",0,0
"2027","9577-WJVCQ",0,0
"2028","9578-FOMUK",0,0
"2029","9585-KKMFD",0,0
"2030","9591-YVTEB",0,0
"2031","9600-NAXZN",1,1
"2032","9605-WGJVW",0,1
"2033","9609-BENEA",0,0
"2034","9625-QNLUX",0,0
"2035","9626-WEQRM",0,0
"2036","9633-XQABV",0,1
"2037","9640-ZSLDC",0,0
"2038","9646-NMHXE",0,0
"2039","9647-ERGBE",1,1
"2040","9650-VBUOG",0,0
"2041","9651-GTSAQ",1,0
"2042","9661-ACXBS",1,0
"2043","9661-JALZV",0,0
"2044","9668-PUGNU",0,0
"2045","9680-NIAUV",0,0
"2046","9685-WKZGT",1,1
"2047","9691-HKOVS",0,0
"2048","9701-CDXHR",0,0
"2049","9702-AIUJO",0,0
"2050","9708-HPXWZ",0,1
"2051","9710-NJERN",0,0
"2052","9714-EDSUC",0,1
"2053","9715-SBVSU",0,0
"2054","9715-WZCLW",0,0
"2055","9717-QEBGU",0,1
"2056","9722-UJOJR",1,0
"2057","9732-KPKBW",1,1
"2058","9734-UYXQI",1,0
"2059","9734-YWGEX",1,1
"2060","9738-QLWTP",0,0
"2061","9741-YLNTD",0,1
"2062","9746-UGFAC",0,0
"2063","9753-OYLBX",0,0
"2064","9763-GRSKD",0,0
"2065","9763-PDTKK",1,1
"2066","9764-REAFF",0,0
"2067","9767-FFLEM",0,0
"2068","9769-TSBZE",0,0
"2069","9777-IQHWP",0,0
"2070","9777-WJJPR",0,0
"2071","9778-OGKQZ",0,0
"2072","9780-FKVVF",0,0
"2073","9786-YWNHU",0,0
"2074","9787-XVQIU",1,1
"2075","9793-WECQC",0,0
"2076","9795-SHUHB",0,0
"2077","9796-MVYXX",0,0
"2078","9798-OPFEM",0,0
"2079","9800-ONTFE",0,0
"2080","9800-OUIGR",0,0
"2081","9803-FTJCG",0,0
"2082","9828-QHFBK",0,0
"2083","9837-FWLCH",0,0
"2084","9840-EFJQB",0,1
"2085","9844-FELAJ",0,0
"2086","9845-QOMAD",0,0
"2087","9848-JQJTX",0,0
"2088","9862-KJTYK",0,0
"2089","9866-OCCKE",0,0
"2090","9873-MNDKV",0,0
"2091","9874-QLCLH",1,1
"2092","9878-TNQGW",1,1
"2093","9880-TDQAC",0,0
"2094","9904-EHEVJ",0,0
"2095","9919-FZDED",0,0
"2096","9919-KNPOO",0,1
"2097","9921-QFQUL",0,0
"2098","9921-ZVRHG",1,1
"2099","9924-JPRMC",0,0
"2100","9931-DCEZH",0,0
"2101","9938-EKRGF",0,0
"2102","9940-RHLFB",1,1
"2103","9943-VSZUV",0,0
"2104","9945-PSVIP",0,0
"2105","9947-OTFQU",1,0
"2106","9948-YPTDG",1,0
"2107","9955-QOPOY",0,0
"2108","9961-JBNMK",1,1
"2109","9964-WBQDJ",0,0
"2110","9972-EWRJS",0,0
"2111","9975-SKRNR",0,0
"2112","9978-HYCIN",0,0
"2113","9992-RRAMN",1,1
"2114","9995-HOTOH",0,0
